keys,zh,en,ja
TXT_SCORE,分数,SCORE,スコア
TXT_LEVEL,等级,LEVEL,レベル
TXT_LINES,消除行,LINES,ライン
TXT_GAME_OVER,游戏结束,GAME OVER,ゲームオーバー
TXT_HOLD,暂存,HOLD,ホールド
TXT_NEXT,下一个,NEXT,ネクスト
TXT_SETTINGS,设置,SETTINGS,設定
TXT_LANGUAGE,语言,LANGUAGE,言語
TXT_RESOLUTION,分辨率,RESOLUTION,解像度
TXT_FULLSCREEN,全屏,FULLSCREEN,フルスクリーン
TXT_MASTER_VOLUME,总体音量,MASTER VOLUME,全体音量
TXT_INITIALIZE,初始化,INITIALIZE,初期化
TXT_ENTER_NAME,输入用户名,ENTER NAME,名前を入力
TXT_CALLSIGN,用户名：,NAME:,名前：
TXT_CONNECTING,中继连接中...,CONNECTING TO RELAY...,リレーに接続中...
TXT_WELCOME,欢迎,WELCOME,ようこそ
TXT_MARATHON,马拉松模式,MARATHON,マラソン
TXT_MULTIPLAYER,多人对战,ONLINE,オンライン対戦
TXT_RESTART,重新开始,RESTART,リスタート
TXT_RETURN_LOBBY,返回大厅,RETURN LOBBY,ロビーへ戻る
TXT_MARATHON_DESC,一个人进行练习，熟悉操作、堆叠和节奏。,"PRACTICE SOLO\nBUILD CONTROL\nAND RHYTHM","一人で練習して\n操作・積み方・\nリズムを身につける"
TXT_MULTIPLAYER_DESC,连接服务器，与其他玩家进行 1v1 或多人对战。,"CONNECT ONLINE\nPLAY 1V1 OR\nMULTIPLAYER","サーバーに接続して\n1v1やマルチ対戦を\n遊ぶ"
TXT_OK,确定,OK,OK
TXT_CLOSE,关闭,CLOSE,閉じる
TXT_BLOCK_STYLE,方块风格,BLOCK STYLE,ブロックスタイル
TXT_BLOCK_STYLE_TITLE,更换方块风格,CHANGE BLOCK STYLE,ブロックスタイル変更
TXT_BLOCK_STYLE_TOOLTIP,更换方块风格,Change block style,ブロックスタイル変更
TXT_BLOCK_STYLE_HINT,只影响正常游玩和多人对战，不影响复盘浏览,Applies to normal play and multiplayer only. Replays stay unchanged.,通常プレイと対戦だけに反映。リプレイ表示は変わりません
TXT_BLOCK_STYLE_INNER,内线方块,INNER LINE,内側ライン
TXT_BLOCK_STYLE_INNER_DESC,当前默认对战风格,Current default battle style,現在の標準対戦スタイル
TXT_BLOCK_STYLE_SOLID,纯色方块,SOLID COLOR,単色ブロック
TXT_BLOCK_STYLE_SOLID_DESC,接近复盘模式的清晰纯色,Clear solid blocks inspired by replay mode,リプレイ風の見やすい単色
TXT_BLOCK_STYLE_GLASS,玻璃高光,GLASS LIGHT,グラスライト
TXT_BLOCK_STYLE_GLASS_DESC,明亮高光和轻微透明层次,Bright highlights with light layered depth,明るいハイライトと軽い奥行き
TXT_BLOCK_STYLE_PASTEL,粉彩柔光,PASTEL SOFT,パステルソフト
TXT_BLOCK_STYLE_PASTEL_DESC,低刺激的柔和配色,Soft low-glare colors,目にやさしい柔らかな色
TXT_BLOCK_STYLE_ARCADE,街机描边,ARCADE EDGE,アーケードエッジ
TXT_BLOCK_STYLE_ARCADE_DESC,清晰高对比像素边缘,Crisp high-contrast pixel edges,くっきり高コントラストの縁取り
TXT_MP_SETUP_TITLE,多人对战,MULTIPLAYER,マルチプレイヤー
TXT_SERVER_ADDRESS,服务器地址,SERVER ADDRESS,サーバーアドレス
TXT_SERVER_PORT,端口,PORT,ポート
TXT_LOGIN_NAME,登录用户名,PLAYER NAME,プレイヤー名
TXT_IP_PLACEHOLDER,例如: 127.0.0.1,Example: 127.0.0.1,例: 127.0.0.1
TXT_PORT_PLACEHOLDER,默认: 8998,Default: 8998,既定: 8998
TXT_NAME_PLACEHOLDER,请输入你的昵称,Enter your nickname,ニックネームを入力
TXT_CONNECT_SERVER,连接服务器,CONNECT SERVER,サーバー接続
TXT_READY,准备就绪,READY,準備完了
TXT_BACK_MAIN,返回主菜单,BACK TO MAIN,メインメニューへ戻る
TXT_ENTER_USERNAME,请输入用户名,Please enter a name,名前を入力してください
TXT_CONNECTING_SERVER,正在连接服务器...,Connecting to server...,サーバー接続中...
TXT_CONNECTED_LOGGING_IN,连接成功，正在登录...,Connected. Logging in...,接続成功。ログイン中...
TXT_DISCONNECTED,与服务器断开连接,Disconnected from server,サーバーから切断されました
TXT_LOGIN_SUCCESS_ENTER_LOBBY,登录成功！正在进入大厅...,Login successful! Entering lobby...,ログイン成功。ロビーへ移動中...
TXT_LOBBY_TITLE,游戏大厅,GAME LOBBY,ゲームロビー
TXT_LOBBY_FETCHING_ROOMS,正在获取房间列表...,Fetching room list...,ルーム一覧を取得中...
TXT_REFRESH_LIST,刷新列表,REFRESH LIST,一覧を更新
TXT_CREATE_ROOM,创建房间,CREATE ROOM,ルーム作成
TXT_CREATE_1V1_ROOM,创建1v1房间,CREATE 1v1 ROOM,1v1ルーム作成
TXT_CREATE_TETRIS33_ROOM,创建tetris33房间,CREATE tetris33 ROOM,tetris33ルーム作成
TXT_START_TETRIS33,开始tetris33,START tetris33,tetris33開始
TXT_CLOSE_ROOM,解散房间,CLOSE ROOM,ルーム解散
TXT_LEAVE_ROOM,离开房间,LEAVE ROOM,ルーム退出
TXT_CLOSING_ROOM,正在解散房间...,Closing room...,ルーム解散中...
TXT_LEAVING_ROOM,正在离开房间...,Leaving room...,ルーム退出中...
TXT_ROOM_CLOSED,房间已解散，已回到大厅等待状态,Room closed. Back in lobby.,ルームが解散されました。ロビーに戻りました。
TXT_ROOM_CLOSED_OWNER_LEFT,房主离开，房间已解散，已回到大厅等待状态,Host left. Room closed. Back in lobby.,ホストが退出したためルームが解散されました。ロビーに戻りました。
TXT_ROOM_LEFT,已离开房间,Left room,ルームから退出しました
TXT_ALREADY_IN_ROOM,你已经在房间中，不能创建或加入其他房间,You are already in a room.,すでにルーム内にいるため作成や参加はできません
TXT_TETRIS33_ROOM_INFO,tetris33房间：%d/%d，至少%d人可开始,tetris33 room %d/%d minimum %d to start,tetris33ルーム %d/%d 最低%d人で開始
TXT_TETRIS33_STARTING_REQUEST,正在开始tetris33...,Starting tetris33...,tetris33開始中...
TXT_TETRIS33_STARTING,tetris33即将开始...,tetris33 starting...,tetris33開始します...
TXT_TETRIS33_REMATCH_READY,比赛结束，等待重开确认,Match finished. Vote for rematch.,試合終了。再戦確認待ち
TXT_TETRIS33_REMATCH_WAITING,重开确认：%d/%d,Rematch votes: %d/%d,再戦確認：%d/%d
TXT_TETRIS33_REMATCH_DECLINED,有人返回大厅，不能重开,A player left. Rematch disabled.,退出者あり。再戦不可
TXT_YOU_ARE_HOST,你是房主,You are host.,あなたがホストです
TXT_WAITING_HOST,等待房主开始,Waiting for host.,ホストの開始を待っています
TXT_DISCONNECT_BACK,断开并返回,DISCONNECT AND BACK,切断して戻る
TXT_NO_ROOMS,当前没有房间，点击刷新或创建新房间,No rooms. Refresh or create a new room.,ルームがありません。更新または新規作成してください。
TXT_FOUND_ROOMS,找到 %d 个房间,Found %d rooms,ルームが %d 件見つかりました
TXT_ROOM_ENTRY,%s (%s) - 人数: %d/2,%s (%s) - Players: %d/2,%s (%s) - プレイヤー: %d/2
TXT_JOINING_ROOM,正在加入房间 %s...,Joining room %s...,ルーム %s に参加中...
TXT_ROOM_CREATED_WAIT,房间创建成功: %s\n等待对手加入...,Room created: %s\nWaiting for opponent...,ルーム作成成功: %s\n対戦相手を待機中...
TXT_ROOM_JOINED_PREP,成功加入房间: %s\n准备开始游戏...,Joined room: %s\nPreparing game...,ルーム参加成功: %s\nゲーム開始準備中...
TXT_OPPONENT_FOUND_STARTING,找到对手: %s！游戏即将开始...,Opponent found: %s! Starting soon...,対戦相手: %s が見つかりました。まもなく開始...
TXT_CREATING_ROOM,正在创建房间...,Creating room...,ルーム作成中...
TXT_ROOM_NAME_TEMPLATE,%s's room,%s's room,%s のルーム
TXT_PLAYER_LOCAL,你 (本地玩家),You (Local),あなた（ローカル）
TXT_WAITING_CONNECT,等待连接...,Waiting for connection...,接続待ち...
TXT_BATTLE_IN_PROGRESS,对战中...,Battle in progress...,対戦中...
TXT_YOU_LOST,你输了！,You lost!,あなたの負けです！
TXT_OPPONENT_DEFEATED,对手已阵亡，你赢了！,Opponent defeated. You win!,相手が倒れました。あなたの勝ちです！
TXT_OPPONENT_LEFT,对手已断开连接,Opponent disconnected,対戦相手が切断しました
TXT_CLICK_BACK_LOBBY,点击返回大厅,Click to return lobby,クリックしてロビーへ戻る
TXT_VICTORY,胜利！,Victory!,勝利！
TXT_OPPONENT_LEFT_TITLE,对手离开了,Opponent left,対戦相手が退出しました
TXT_REMATCH,再来一局,REMATCH,再戦
TXT_REMATCH_READY,已选择,READY,準備完了
TXT_REMATCH_WAITING,等待中,WAITING,待機中
TXT_REMATCH_DECLINED,已离开,LEFT,退出
TXT_YOU,你,You,あなた
TXT_PLAYER_STATS,玩家数据,PLAYER STATS,プレイヤーデータ
TXT_STATS_BUTTON,数据,DATA,データ
TXT_STATS_DESC,查看你的游戏统计与能力雷达,View your game stats and ability radar,ゲーム統計と能力レーダーを見る
TXT_BACK,返回,BACK,戻る
TXT_RADAR_SPEED,速度,SPEED,速度
TXT_RADAR_ATTACK,火力,ATTACK,火力
TXT_RADAR_EFFICIENCY,效率,EFFICIENCY,効率
TXT_RADAR_STRUCTURE,结构,STRUCTURE,構造
TXT_RADAR_STABILITY,稳定,STABILITY,安定
TXT_RADAR_VISION,视野,VISION,視野
TXT_STAT_PPS,每秒落块 (PPS),Pieces Per Second (PPS),秒間ブロック数 (PPS)
TXT_STAT_APM,每分钟攻击 (APM),Attack Per Minute (APM),分間攻撃数 (APM)
TXT_STAT_APP,每块攻击 (APP),Attack Per Piece (APP),ブロックあたりの攻撃 (APP)
TXT_STAT_KPP,每块按键 (KPP),Keys Per Piece (KPP),ブロックあたりのキー入力数 (KPP)
TXT_TOTAL_GAMES,总游戏数,TOTAL GAMES,総ゲーム数
TXT_TOTAL_TIME,累计时长,TOTAL TIME,累計時間
TXT_BEST_SCORE,最高分数,BEST SCORE,ハイスコア
TXT_RECENT_HISTORY,最近记录,RECENT HISTORY,最近の記録
TXT_NO_DATA,暂无数据，先去玩一局吧！,No data yet. Play a game first!,データがありません。まずプレイしてください！
TXT_PLAYER,玩家,PLAYER,プレイヤー
TXT_TOTAL_LINES,总消行,TOTAL LINES,総消去ライン
TXT_TOTAL_PIECES,总方块数,TOTAL PIECES,総ブロック数
TXT_BEST_LINES,最高消行,BEST LINES,最高ライン
TXT_BEST_PPS,最大PPS(每秒落块数),BEST PPS(Pieces Per Second),最大PPS(秒間ブロック数)
TXT_BEST_APM,最大APM(每分钟攻击数),BEST APM(Attacks Per Minute),最大APM(分間攻撃数)
TXT_AVG_PPS,平均PPS(每秒落块数),AVG PPS(Pieces Per Second),平均PPS(秒間ブロック数)
TXT_AVG_APM,平均APM(每分钟攻击数),AVG APM(Attacks Per Minute),平均APM(分間攻撃数)
TXT_AVG_APP,平均APP(每块攻击数),AVG APP(Attacks Per Piece),平均APP(ブロックあたりの攻撃)
TXT_AVG_KPP,平均KPP(每块按键数),AVG KPP(Keys Per Piece),平均KPP(ブロックあたりのキー入力数)
TXT_AVG_SCORE,平均分,AVG SCORE,平均スコア
TXT_TIME,时间,TIME,時間
TXT_SESSION,对局,SESSION,対局
TXT_NO_DETAIL_SNAPSHOT,未找到详细快照,No detailed snapshot found,詳細スナップショットが見つかりません
TXT_DURATION,时长,DURATION,時間
TXT_PIECES,方块,PIECES,ブロック
TXT_KEYS,按键,KEYS,キー
TXT_DAMAGE,伤害,DAMAGE,ダメージ
TXT_CLEAR_BREAKDOWN,单消双消三消四消,Single/Double/Triple/Tetris,シングル/ダブル/トリプル/テトリス
TXT_TSPIN_CLEARS,T-Spin消行,T-Spin Clears,Tスピン消去
TXT_SPIN_CLEARS,Spin消行,Spin Clears,スピン消去
TXT_MAX_COMBO,最大连击,Max Combo,最大コンボ
TXT_MAX_B2B,最大B2B,Max B2B,最大B2B
TXT_START,开始,START,開始
TXT_END,结束,END,終了
TXT_SNAPSHOTS,快照数,SNAPSHOTS,スナップショット数
TXT_DISCARDED,丢弃数,DISCARDED,破棄数
TXT_NA,暂无,N/A,該当なし
TXT_PPS_SHORT,PPS,PPS,PPS
TXT_APM_SHORT,APM,APM,APM
TXT_APP_SHORT,APP,APP,APP
TXT_KPP_SHORT,KPP,KPP,KPP
TXT_PPS_EXPLAIN,PPS（每秒落块）,PPS (Pieces Per Second),PPS（秒間ブロック数）
TXT_APM_EXPLAIN,APM（每分钟攻击）,APM (Attack Per Minute),APM（分間攻撃数）
TXT_APP_EXPLAIN,APP（每块攻击）,APP (Attack Per Piece),APP（ブロックあたり攻撃）
TXT_KPP_EXPLAIN,KPP（每块按键）,KPP (Keys Per Piece),KPP（ブロックあたりキー）
TXT_REPLAY_PPS_TOOLTIP,PPS：每秒放置的方块数，越高代表下块速度越快。,PPS: Pieces placed per second. Higher means faster piece placement.,PPS：1秒あたりに置いたブロック数。高いほど配置速度が速いです。
TXT_REPLAY_APM_TOOLTIP,APM：每分钟造成的攻击行数，越高代表火力越强。,APM: Attack lines sent per minute. Higher means stronger attack output.,APM：1分あたりに送った攻撃ライン数。高いほど火力が高いです。
TXT_REPLAY_APP_TOOLTIP,APP：平均每个方块造成的攻击，衡量进攻效率。,APP: Attack per piece. It measures how much attack each piece creates on average.,APP：ブロック1個あたりの攻撃量。平均的な攻撃効率を表します。
TXT_REPLAY_KPP_TOOLTIP,KPP：平均每个方块使用的按键数，越低通常代表操作更简洁。,KPP: Key presses per piece. Lower usually means cleaner input efficiency.,KPP：ブロック1個あたりのキー入力数。低いほど入力が効率的です。
TXT_REPLAY_RADAR_SPEED_TOOLTIP,速度：由 PPS 映射为 0-100 分，越高代表整体落块节奏越快。,Speed: PPS mapped to a 0-100 score. Higher means faster overall placement pace.,速度：PPSを0-100点に換算します。高いほど全体の配置ペースが速いです。
TXT_REPLAY_RADAR_ATTACK_TOOLTIP,火力：由 APM 映射为 0-100 分，越高代表每分钟攻击输出越强。,Attack: APM mapped to a 0-100 score. Higher means stronger attack output per minute.,火力：APMを0-100点に換算します。高いほど1分あたりの攻撃出力が高いです。
TXT_REPLAY_RADAR_EFFICIENCY_TOOLTIP,效率：由 APP 和 KPP 加权计算，兼顾每块攻击与按键简洁度。,Efficiency: Weighted from APP and KPP. It balances attack per piece with input economy.,効率：APPとKPPの加重計算です。ブロックごとの攻撃量と入力効率を見ます。
TXT_REPLAY_RADAR_STRUCTURE_TOOLTIP,结构：由地形平整度与空洞质量计算，越高代表堆叠更健康。,Structure: Based on field flatness and hole quality. Higher means a healthier stack.,構造：地形の平らさと穴の質から計算します。高いほど積みが良好です。
TXT_REPLAY_RADAR_STABILITY_TOOLTIP,稳定：由封闭空洞与空区碎片化计算，越高代表地形风险越低。,Stability: Based on trapped holes and empty-region fragmentation. Higher means lower field risk.,安定：埋まった穴と空白領域の分断から計算します。高いほど地形リスクが低いです。
TXT_REPLAY_RADAR_VISION_TOOLTIP,视野：由 Spin、Tetris 与三消等高价值消行比例计算。,Vision: Based on the share of high-value clears such as Spin Tetris and triples.,視野：SpinやTetrisやトリプルなど高価値な消去の割合から計算します。
TXT_KEYBINDINGS,按键设置,KEY BINDINGS,キー設定
TXT_BIND_TIP,点击一个槽位后按下键盘或手柄按键进行绑定（每个操作最多3个输入，按 ESC 取消监听）,Click a slot then press a keyboard or gamepad button to bind (up to 3 per action; press ESC to cancel).,スロットを押してからキーボードまたはゲームパッドのボタンを入力してください（各操作最大3つ、ESCでキャンセル）
TXT_BIND_RESET_DEFAULT,恢复默认按键,RESET TO DEFAULT,デフォルトに戻す
TXT_BIND_RESET_ACTION,重置,RESET,リセット
TXT_BIND_WAITING,按下按键...,Press input...,入力待ち...
TXT_BIND_EMPTY,未设置,Empty,未設定
TXT_BIND_SLOT_TIP,点击后进入监听并覆盖该槽位,Click to listen and replace this slot.,クリックしてこのスロットを上書き
TXT_BIND_PRESS_KEY,监听中：请按下键盘或手柄按钮（ESC 取消）,Listening: press a keyboard or gamepad button (ESC to cancel).,入力待ち：キーボードまたはゲームパッドボタンを押してください（ESCでキャンセル）
TXT_BIND_SAVED,按键已保存,Binding saved.,バインドを保存しました。
TXT_BIND_CANCELLED,已取消监听,Capture cancelled.,入力待ちをキャンセルしました。
TXT_BIND_DUPLICATE,同一操作内不能重复绑定相同输入,Duplicate input in the same action is not allowed.,同じ操作内で同一入力は重複できません。
TXT_BIND_RESTORED,已恢复默认映射,Default bindings restored.,デフォルト割り当てに戻しました。
TXT_BIND_UNKNOWN,未知输入,Unknown input,不明な入力
TXT_ACTION_MOVE_LEFT,左移,Move Left,左移動
TXT_ACTION_MOVE_RIGHT,右移,Move Right,右移動
TXT_ACTION_SOFT_DROP,软降,Soft Drop,ソフトドロップ
TXT_ACTION_HARD_DROP,硬降,Hard Drop,ハードドロップ
TXT_ACTION_ROTATE_CW,顺时针旋转,Rotate CW,右回転
TXT_ACTION_ROTATE_CCW,逆时针旋转,Rotate CCW,左回転
TXT_ACTION_ROTATE_180,180旋转,Rotate 180,180度回転
TXT_ACTION_HOLD,暂存,Hold,ホールド
TXT_ACTION_PAUSE,暂停,Pause,一時停止

TXT_REPLAY,复盘系统,REPLAY,リプレイ
TXT_REPLAY_DESC,通过 AI 辅助复盘，发现问题并提升水平。,"REVIEW WITH AI\nFIND MISTAKES\nIMPROVE PLAY","AI分析つきの\nリプレイで課題を見つけ\n上達につなげる"
TXT_REPLAY_ANALYSIS,复盘分析,REPLAY ANALYSIS,リプレイ分析
TXT_PIECE_INFO,方块信息,PIECE INFO,ブロック情報
TXT_TYPE,种类:,Type:,種類:
TXT_POSITION,位置:,Position:,位置:
TXT_CLEAR,消除:,Clear:,消去:
TXT_NONE,无,None,なし
TXT_LINES_CLEARED,行数: %d (累计: %d),Lines: %d (total: %d),ライン: %d (合計: %d)
TXT_DAMAGE_VAL,伤害: %d,Damage: %d,ダメージ: %d
TXT_COMBO_VAL,连击: %d / B2B: %d,Combo: %d / B2B: %d,コンボ: %d / B2B: %d
TXT_TIME_VAL,用时: %s,Time: %s,時間: %s
TXT_TERRAIN_METRICS,地形数据,TERRAIN METRICS,地形データ
TXT_HOLES,空洞:,Holes:,穴:
TXT_BUMPINESS,凹凸度:,Bumpiness:,凹凸度:
TXT_TOTAL_HEIGHT,总高度:,Total Height:,総高さ:
TXT_AI_EVALUATION,AI 评分,AI EVALUATION,AI評価
TXT_AI_CURRENT_STEP,当前步 AI 评分,CURRENT MOVE AI,現在手 AI 評価
TXT_TIMELINE,时间线,TIMELINE,タイムライン
TXT_NO_SESSIONS_FOUND,未找到对局记录,No sessions found,対局記録が見つかりません
TXT_SELECT_SESSION,选择一个对局进行分析,Select a session to analyze,分析する対局を選択
TXT_REPLAY_SESSION_OVERVIEW,本局总览,SESSION OVERVIEW,この対局の概要
TXT_REPLAY_QUADS,四消,QUADS,テトリス
TXT_REPLAY_TSPINS,T-Spin,T-SPINS,T-Spin
TXT_REPLAY_CLEAR_MIX,1/2/3/Tetris,1/2/3/Tetris,1/2/3/テトリス
TXT_REPLAY_AI_SCORE,AI 评分,AI SCORE,AI評価
TXT_AI_ANALYZING,AI 分析中...,AI ANALYZING...,AI分析中...
TXT_AI_ANALYSIS_WAIT,分析耗时可能较长，请稍候,This can take a while. Please wait.,分析に時間がかかる場合があります。お待ちください
TXT_AI_ANALYSIS_PROGRESS,正在生成分析文件 %d / %d,Generating analysis %d / %d,分析ファイル生成中 %d / %d
TXT_AI_ANALYSIS_FAILED,AI 分析失败,AI analysis failed,AI分析に失敗
TXT_STEP_FORMAT,Step %d / %d,Step %d / %d,Step %d / %d
TXT_LOBBY_GUIDE_TITLE,教程百科,GUIDE BOOK,ガイドブック
TXT_LOBBY_GUIDE_DESC,"学习基础知识\n攻击力计算\n技巧与复盘用法","LEARN BASICS\nDAMAGE MATH\nSKILLS & REPLAY","基礎知識から\n攻撃力計算・技術・\nリプレイ活用まで"
TXT_GUIDE_BACK,返回大厅,Back to Lobby,ロビーへ戻る
TXT_GUIDE_READ,阅读,Read,読む
TXT_GUIDE_DEMO,演示,Demo,デモ
TXT_GUIDE_SIM,模拟,Sim,シミュ
TXT_GUIDE_OVERVIEW_TITLE,教程百科,GUIDE BOOK,ガイドブック
TXT_GUIDE_OVERVIEW_DESC,在这里学习核心机制，通过固定场景演示和实战演练掌握高级技巧。,Learn core mechanics and practice advanced techniques.,固定場面で基本ルールと操作を確認します。
TXT_GUIDE_HERO_TITLE,先看收益，再练操作,Learn value first. Then practice.,まず価値を見て、次に操作する
TXT_GUIDE_HERO_BODY,从基础规则进入固定场景，按真实操作理解每一种技巧。,Start from basic rules, then use fixed scenarios to learn each technique through real inputs.,基礎ルールから固定場面に入り、実際の操作に近い流れで各テクニックを確認します。
TXT_GUIDE_OVERVIEW_NAV,总览,Overview,概要
TXT_GUIDE_PROGRESS,学习进度,PROGRESS,学習進度
TXT_GUIDE_ATTACK_TABLE_TITLE,攻击力换算表,ATTACK POWER TABLE,攻撃力換算表
TXT_GUIDE_ATTACK_HEADER,消除类型 | 基础攻击力 | B2B 加成,Clear Type | Base Attack | B2B Bonus,消去タイプ | 基本攻撃力 | B2Bボーナス
TXT_GUIDE_ATTACK_NOTE,注：表中数据为标准对战模式配置,Note: Values reflect standard battle rules.,注：表のデータは標準対戦ルールのものです。
TXT_GUIDE_START_LEARNING,开始学习,START LEARNING,学習を開始
TXT_GUIDE_CONCEPT,介绍,Intro,紹介
TXT_GUIDE_WHY,适用场景,When to Use,使う場面
TXT_GUIDE_VALUE,收益,Benefit,得られるもの
TXT_GUIDE_STEPS,操作顺序,Steps,操作手順
TXT_GUIDE_MISTAKES,Tips,Tips,Tips
TXT_GUIDE_ENTER_SIM,进入固定场景模拟,ENTER SIMULATION,シミュレーション開始
TXT_GUIDE_NEXT_CH,下一章,NEXT CHAPTER,次へ
TXT_GUIDE_DEMO_TITLE,渐进式示范,DEMONSTRATION,デモンストレーション
TXT_GUIDE_CHAPTERS,学习章节,CHAPTERS,学習チャプター
TXT_GUIDE_EXIT,退出百科,EXIT GUIDE,ガイドを終了
TXT_GUIDE_SIM_HINT,"点击右侧棋盘聚焦，使用游戏按键操作方块。\n方块不会自动下落。","Click the board to focus, then use game controls.\nPieces do not fall automatically.","盤面をクリックしてフォーカスし、ゲームの操作キーを使用します。\nブロックは自動落下しません。"
TXT_GUIDE_RESET,重置,RESET,リセット
TXT_GUIDE_EXIT_SIM,退出模拟,EXIT SIM,シミュレーション終了
TXT_GUIDE_CH1_TITLE,Wall Kick 踢墙,Wall Kick,Wall Kick
TXT_GUIDE_CH1_TAG,机制,Mechanics,メカニクス
TXT_GUIDE_CH1_TIME,3 分钟,3 mins,3分
TXT_GUIDE_CH1_SUMMARY,旋转被墙或堆叠挡住时，系统会尝试把方块挪到附近位置。,When rotation is blocked the system tries nearby offsets to complete it.,回転が壁や地形に当たる時、システムは近くの位置へずらして回転できるか試します。
TXT_GUIDE_CH1_CONCEPT,"Wall Kick 是 SRS 旋转系统的一部分。按下旋转后，如果方块会撞墙或撞到已有方块，系统不会立刻判定失败，而是按固定顺序尝试几个偏移位置。\n\n只要其中一个位置能放下，方块就会一边旋转、一边被“踢”到那个位置。","Wall Kick is part of SRS. When a rotation would collide with a wall or stack, the game checks several offsets in order.\n\nIf one offset is valid, the piece rotates and shifts into that position.","Wall Kick は SRS の一部です。回転後に壁や地形と重なる場合、ゲームは決まった順番でいくつかのずらし位置を試します。\n\n置ける位置があれば、ブロックは回転しながらその位置へ移動します。"
TXT_GUIDE_CH1_WHY_1,贴墙时完成旋转,Rotate while touching a wall,壁に接した状態で回転したい時
TXT_GUIDE_CH1_WHY_2,把方块旋进狭窄入口,Spin into a narrow opening,狭い入口へSpinしたい時
TXT_GUIDE_CH1_WHY_3,理解 T-Spin、L-Spin 这类旋入操作,Understand T-Spin and L-Spin entries,T-Spin や L-Spin の入り方を理解したい時
TXT_GUIDE_CH1_VALUE,踢墙本身没有额外攻击力。它的价值在于让方块进入普通移动到不了的位置，从而完成 Spin 或清线。,Wall Kick does not add damage by itself. It lets pieces reach positions normal movement cannot.,Wall Kick 自体に追加攻撃力はありません。通常移動では届かない位置へブロックを入れるための仕組みです。
TXT_GUIDE_CH1_STEP_1,L 方块先贴到右墙,Move the L piece against the right wall,L ブロックを右壁につける
TXT_GUIDE_CH1_STEP_2,顺时针旋转时，中心点会被向左推开一格,Rotate clockwise; the center is pushed one cell left,時計回りに回転し、中心が左へ 1 マスずれる
TXT_GUIDE_CH1_STEP_3,再次调整入口后下落到底,Adjust the entry and drop to the bottom,入口を調整して下まで落とす
TXT_GUIDE_CH1_STEP_4,最后一次旋转靠踢墙进入槽位并完成 L-Spin,Use the final Wall Kick to enter the slot and complete L-Spin,最後の Wall Kick で穴へ入り、L-Spin を完成させる
TXT_GUIDE_CH1_ERR_1,贴墙前先确认入口方向,Check the entry direction before hugging the wall,壁につける前に入口の向きを確認する
TXT_GUIDE_CH1_ERR_2,看中心点移动，比只看外形更容易理解踢墙,Watch the center point; it explains the kick better than the outline,外形だけでなく中心点の移動を見る
TXT_GUIDE_CH1_ERR_3,I 方块的踢墙规则和其它方块不同,The I piece has its own kick table,I ブロックの Wall Kick ルールは他のブロックと異なる
TXT_GUIDE_CH2_TITLE,Combo 连击,Combo,Combo
TXT_GUIDE_CH2_TAG,进攻,Offense,攻撃
TXT_GUIDE_CH2_TIME,5 分钟,5 mins,5分
TXT_GUIDE_CH2_SUMMARY,每次落块都消行，连续不中断就是 Combo。,Clear with every piece without breaking the chain.,毎回のブロックでラインを消し続けると Combo になります。
TXT_GUIDE_CH2_CONCEPT,"Combo 指连续多次清线。每次方块锁定后只要清掉至少一行，Combo 就继续；如果这一步没有清线，Combo 立刻断掉。\n\n它不要求每次都大消，重点是让每一步都能接着清。","Combo means clearing lines with consecutive pieces. If a placed piece clears at least one line, the Combo continues. If it clears nothing, the Combo ends.\n\nThe goal is not a big clear every time. The goal is to keep the next clear available.","Combo は連続してラインを消すことです。ブロックを固定した時に 1 ライン以上消せば Combo は継続し、何も消せなければ切れます。\n\n毎回大きく消す必要はありません。次も消せる形を残すことが重要です。"
TXT_GUIDE_CH2_WHY_1,地形已经很高，需要边降高度边反击,The stack is high and you need to lower it while attacking,地形が高く、下げながら攻撃したい時
TXT_GUIDE_CH2_WHY_2,手里连续有适合补线的小块,You have pieces that can keep filling the gap,溝を埋め続けられるブロックが続く時
TXT_GUIDE_CH2_WHY_3,想用低风险方式持续给对手压力,You want steady pressure with low risk,低リスクで圧力をかけ続けたい時
TXT_GUIDE_CH2_VALUE,从 Combo 3 开始会有额外攻击力。连击越长，额外行数越高，并且会叠加在本次清线本身的攻击力上。,Bonus damage starts at Combo 3. Longer Combos add more damage on top of the current clear.,Combo 3 から追加攻撃力が入ります。Combo が長いほど、本来の消去攻撃力に追加分が乗ります。
TXT_GUIDE_CH2_STEP_1,先留出能连续补线的竖槽,Leave a vertical gap that can be filled repeatedly,連続して埋められる縦の溝を残す
TXT_GUIDE_CH2_STEP_2,把小块放进槽内，每一步都至少清一行,Place pieces into the gap so every move clears at least one line,毎手 1 ライン以上消えるように溝へ置く
TXT_GUIDE_CH2_STEP_3,不要为了大消破坏下一步的入口,Do not break the next entry just to chase a bigger clear,大きく消すために次の入口を壊さない
TXT_GUIDE_CH2_STEP_4,观察计数，目标是不中断地推到 Combo 3 以上,Watch the counter and push past Combo 3 without breaking,カウントを見ながら Combo 3 以上までつなげる
TXT_GUIDE_CH2_ERR_1,优先保留下一个方块能清线的位置,Keep a place where the next piece can clear,次のブロックで消せる場所を優先して残す
TXT_GUIDE_CH2_ERR_2,地形越简单，Combo 越容易延续,Simple terrain makes Combo easier to continue,地形が単純なほど Combo は続けやすい
TXT_GUIDE_CH2_ERR_3,断连通常不是因为这一步错，而是上一步没有给下一步留空间,A broken Combo often starts from the previous move not leaving space,Combo 切れは今の手ではなく、前の手で次の空間を残せていないことが多い
TXT_GUIDE_CH3_TITLE,T-Spin Double,T-Spin Double,T-Spin Double
TXT_GUIDE_CH3_TAG,核心进攻,Core Offense,コア攻撃
TXT_GUIDE_CH3_TIME,5 分钟,5 mins,5分
TXT_GUIDE_CH3_SUMMARY,T 方块通过旋转卡入 T 槽，同时消除 2 行，攻击力 4 行。,Spin the T piece into a T-slot to clear 2 lines and send 4 damage.,T ブロックを T-slot へSpinさせ、2ライン消して4ライン攻撃します。
TXT_GUIDE_CH3_CONCEPT,"T-Spin Double 通常简称 TSD。做法是先准备一个 T 槽，再让 T 方块通过旋转进入槽位，并一次清掉 2 行。\n\n关键不是“把 T 放进去”，而是最后一步必须通过旋转进入。","T-Spin Double is often shortened to TSD. Build a T-slot, then rotate the T piece into it and clear 2 lines.\n\nThe important part is not simply placing T there: the final entry must be a rotation.","T-Spin Double は TSD とも呼ばれます。先に T-slot を作り、T ブロックを回転で入れて2ライン消します。\n\n重要なのは T を置くだけではなく、最後に回転で入ることです。"
TXT_GUIDE_CH3_WHY_1,想用较低高度打出 4 行攻击,You want 4 damage from a low structure,低い地形から4ライン攻撃したい時
TXT_GUIDE_CH3_WHY_2,已经有 T 槽雏形，可以顺势补完,A T-slot is already forming and can be completed,T-slot の形ができかけている時
TXT_GUIDE_CH3_WHY_3,需要维持 B2B 压力,You want to keep B2B pressure,B2B の圧力を維持したい時
TXT_GUIDE_CH3_VALUE,TSD 基础攻击力是 4 行，和 Tetris 相同。若处于 B2B 状态，会变成 5 行攻击。,TSD sends 4 lines, the same as Tetris. With B2B, it sends 5.,TSD は Tetris と同じ4ライン攻撃です。B2B 中なら5ラインになります。
TXT_GUIDE_CH3_STEP_1,先确认 T 槽底部能清 2 行,Confirm the bottom of the T-slot can clear 2 lines,T-slot の底で2ライン消えることを確認する
TXT_GUIDE_CH3_STEP_2,保留 T 方块进入槽口的通道,Keep the entry path open for the T piece,T ブロックが入る通路を残す
TXT_GUIDE_CH3_STEP_3,把 T 移到槽口附近，不要直接硬塞,Move T near the opening without forcing it in,T を入口近くへ移動し、無理に押し込まない
TXT_GUIDE_CH3_STEP_4,最后用旋转卡入槽位,Rotate into the slot at the end,最後に回転で穴へ入る
TXT_GUIDE_CH3_STEP_5,锁定后出现 T-Spin Double 判定,Lock and get the T-Spin Double callout,固定後に T-Spin Double 判定が出る
TXT_GUIDE_CH3_ERR_1,最后一步必须是旋转,The final input must be rotation,最後の入力は回転にする
TXT_GUIDE_CH3_ERR_2,入口太早封住就无法旋入,If the entrance is closed too early T cannot spin in,入口を早く塞ぐとSpinで入れない
TXT_GUIDE_CH3_ERR_3,T 槽附近不要堆出多余凸起,Avoid extra bumps around the T-slot,T-slot 周辺に余計な凸を作らない
TXT_GUIDE_OP_ROT_CCW,逆时针旋转 90°,Rotate CCW 90°,左に90度回転
TXT_GUIDE_OP_MOVE_WALL,一直向右靠墙壁,Move right against the wall,右の壁まで移動
TXT_GUIDE_OP_ROT_CW_KICK,顺时针旋转——受墙壁阻挡，中心点向左踢墙,Rotate CW — blocked by wall kicks left,時計回り回転 — 壁で止まり左へ Wall Kick
TXT_GUIDE_OP_ROT_CW_ENTRY,顺时针旋转，调整入口方向,Rotate CW to adjust entry angle,右に回転して入口の向きを調整
TXT_GUIDE_OP_DROP_SLOT,软降到槽口上方,Soft drop above the slot,穴の上までソフトドロップ
TXT_GUIDE_OP_ROT_CW_TSPIN,顺时针旋转，T 方块旋入 T 槽,Rotate CW to spin into T-slot,時計回り回転で T ブロックを T-slot へ入れる
TXT_GUIDE_OP_MOVE_RIGHT,移动到右侧空位上方,Move over the right gap,右側の空きスペースに移動
TXT_GUIDE_OP_DROP_CLEAR2,下落到底部，消除 2 行,Drop to bottom clear 2 lines,一番下まで落として2ライン消去
TXT_GUIDE_BASICS,基础知识,Basics,基礎知識
TXT_GUIDE_BASICS_DESC,先确认每种消除的收益，再进入具体操作。,Check the value of each clear before practicing execution.,各消去の価値を確認してから、具体的な操作へ進みます。
TXT_GUIDE_ESTIMATE_PREFIX,预计,Est.,目安
TXT_GUIDE_ESTIMATE,预估,Est.,予想
TXT_GUIDE_VIEW,查看,View,見る
TXT_GUIDE_START_SIM,开始模拟,Simulate,シミュレーション
TXT_GUIDE_READY,准备,Ready,準備
TXT_GUIDE_LOCKED,锁定,Locked,ロック
TXT_GUIDE_CLEAR,消除,Clear,消去
TXT_GUIDE_OP_MOVE_RIGHT_WALL,向右移动直到贴住墙壁,Move right to wall,右の壁まで移動
TXT_GUIDE_OP_WAIT_WALL,贴墙停顿,Wait at wall,壁で待機
TXT_GUIDE_OP_ROT_KICK_L,顺时针旋转 90°：踢墙，中心点向左移 1 格,Rotate CW 90: Kick left 1 cell,時計回り90度: Wall Kick で左へ1マス
TXT_GUIDE_OP_OBSERVE_KICK,观察踢墙位移,Observe wall kick,Wall Kick のズレを見る
TXT_GUIDE_OP_ROT_CCW_AGAIN,再次逆时针旋转 90°,Rotate CCW 90 again,再び左回転90度
TXT_GUIDE_OP_MOVE_RIGHT_WALL_AGAIN,右移贴住墙壁,Move right to wall again,再び右の壁まで移動
TXT_GUIDE_OP_HARD_DROP,下落到底部,Hard drop to bottom,一番下までハードドロップ
TXT_GUIDE_OP_WAIT_SPIN,等待旋入时机,Wait for spin timing,回転のタイミングを待つ
TXT_GUIDE_OP_ROT_LSPIN,顺时针旋转：踢墙旋入，完成 L-Spin,Rotate CW: Kick and complete L-Spin,時計回り回転: Wall Kick で L-Spin 完成
TXT_GUIDE_OP_SOFT_DROP,软降,Soft drop,ソフトドロップ
TXT_GUIDE_OP_MOVE_RIGHT_WELL,右移到井旁,Move right near well,井戸の横に移動
TXT_GUIDE_OP_MOVE_WELL_EDGE,贴住井口,Align with well edge,井戸の端に合わせる
TXT_GUIDE_OP_DROP_WELL,下落插入井,Drop into well,井戸の中に落とす
TXT_GUIDE_OBJ_TSPIN,目标：将 T 方块旋入 T 槽，同时消除 2 行，完成 T-Spin Double。,Objective: Spin T into slot to clear 2 lines (TSD).,目標: T ブロックを T-slot へSpinさせ、2ライン消して T-Spin Double を完成させる。
TXT_GUIDE_OBJ_COMBO,目标：用 O 方块连续落入右侧空位消行，完成 Combo 5。,Objective: Drop O piece to clear lines consecutively (Combo 5).,目標: O ブロックで連続消去し、Combo 5 を完成させる。
TXT_GUIDE_OBJ_WALLKICK,目标：将 L 方块旋转，观察踢墙导致的中心点偏移。,Objective: Rotate L piece and observe wall kick offset.,目標: L ブロックを回転させ、Wall Kick による中心点のズレを見る。
TXT_GUIDE_OBJ_TETRIS,目标：将 I 方块旋成竖直，放入右侧井，完成 Tetris 四消。,Objective: Rotate I piece and drop into well for Tetris.,目標: I ブロックを縦にして井戸へ入れ、Tetris を完成させる。
TXT_GUIDE_SIM_TSPIN,T-Spin Double 模拟,T-Spin Double Sim,T-Spin Double シミュ
TXT_GUIDE_SIM_COMBO,Combo 模拟  当前 Combo: %d,Combo Sim  Current: %d,Combo シミュ 現在: %d
TXT_GUIDE_SIM_WALLKICK,Wall Kick 踢墙模拟,Wall Kick Sim,Wall Kick シミュ
TXT_GUIDE_SIM_TETRIS,Tetris 四消模拟,Tetris Sim,Tetris シミュ
TXT_GUIDE_ERR_ROT,这里转不进去。先移动到合适位置再旋转。,Cannot rotate here. Move to a proper position first.,ここでは回転できません。移動してから回転してください。
TXT_GUIDE_ERR_LOCK,还没有贴住地形。继续软降，或者用硬降。,Not resting on surface yet. Keep dropping.,まだ地形に接地していません。ドロップを続けてください。
TXT_GUIDE_SUC_TSPIN,成功！T-Spin Double —— 旋入 T 槽消除 2 行，攻击力 4 行。用时 %.1f 秒。,Success! T-Spin Double! Cleared 2 lines. Time: %.1f s.,成功！T-Spin Double！2ライン消去。時間: %.1f 秒。
TXT_GUIDE_ERR_TSPIN_1,完成了 T-Spin Single（消 1 行），但目标是 T-Spin Double（消 2 行）。检查 T 槽结构，按重置再试。,Did a T-Spin Single. Target is Double. Reset and retry.,T-Spin Single です。目標は T-Spin Double です。リセットして再試行してください。
TXT_GUIDE_ERR_TSPIN_0,没有达成 T-Spin。最后一步必须是旋转卡入，而且要消 2 行。按重置再试。,Failed T-Spin. Last move must be rotation clearing 2 lines.,T-Spin失敗。最後は回転で2ライン消去する必要があります。
TXT_GUIDE_SUC_COMBO,成功！Combo 5 —— 连续 5 次消行，用时 %.1f 秒。,Success! Combo 5! Time: %.1f s.,成功！Combo 5！時間: %.1f 秒。
TXT_GUIDE_SUC_COMBO_N,Combo %d！额外攻击力 +%d 行。继续保持连击。,Combo %d! Bonus +%d lines. Keep it up.,Combo %d！ボーナス +%d ライン。続けて！
TXT_GUIDE_ERR_COMBO,连击中断——这次落块没有消行。Combo 要求每次都消行。,Combo broken. You must clear lines every piece.,Combo が途切れました。毎回ラインを消す必要があります。
TXT_GUIDE_SUC_LSPIN,成功！L-Spin —— 最后一次旋转靠踢墙进入空洞，并完成 2 行消除。,Success! L-Spin completed.,成功！L-Spin 完了。
TXT_GUIDE_ERR_LSPIN,还没有完成 L-Spin。需要最后一步靠踢墙旋入右下角，并完成 2 行消除。,L-Spin not completed. Spin into bottom right corner.,L-Spin未完了。右下に回転して入れてください。
TXT_GUIDE_SUC_TETRIS,成功！Tetris 四消 —— I 方块竖直插入井中消除 4 行，攻击力 4 行。用时 %.1f 秒。,Success! Tetris! Time: %.1f s.,成功！Tetris！時間: %.1f 秒。
TXT_GUIDE_ERR_TETRIS,没有达成四消。I 方块要旋成竖直放入井中。按重置再试。,Failed Tetris. Rotate I piece vertically into well.,Tetris 失敗。I ブロックを縦にして井戸へ入れてください。
TXT_GUIDE_ATK_TITLE,攻击力速查表,Attack Power Table,攻撃力早見表
TXT_GUIDE_ATK_DESC,对战中，消除行数不等于攻击力。以下是各消除类型发送的垃圾行数：,Clear lines do not equal damage. Damage table:,消去ライン数と攻撃力は異なります。攻撃力表:
TXT_GUIDE_ATK_H1,消除类型,Clear Type,消去タイプ
TXT_GUIDE_ATK_H2,消除行数,Lines Cleared,消去ライン
TXT_GUIDE_ATK_H3,攻击力,Damage,攻撃力
TXT_GUIDE_B2B_TITLE,B2B（Back-to-Back）,B2B (Back-to-Back),B2B (Back-to-Back)
TXT_GUIDE_B2B_DESC,连续打出「困难消除」（Tetris 或 T-Spin）不中断，额外 +1 行攻击力。中间穿插普通消除会中断 B2B。,Consecutive difficult clears (Tetris/T-Spin) give +1 damage.,Tetris または T-Spin を連続で行うと +1 のボーナス。普通の消去を挟むと B2B は切れます。
TXT_GUIDE_COMBO_TITLE,Combo 额外攻击力,Combo Bonus Damage,Combo 追加攻撃力
TXT_GUIDE_COMBO_DESC1,连击次数 → 额外行数：1→0  2→0  3→+1  4→+1  5→+2  6→+2  7→+3  8→+3  9→+4  10+→+4~5,Combo -> Bonus: 1->0 2->0 3->+1 4->+1 5->+2 6->+2 7->+3 8->+3 9->+4 10+->+4~5,Combo -> 追加: 1->0 2->0 3->+1 4->+1 5->+2 6->+2 7->+3 8->+3 9->+4 10+->+4~5
TXT_GUIDE_COMBO_DESC2,额外攻击力叠加在消除本身的攻击力之上。,Bonus damage is added to the base damage of the clear.,追加攻撃力は基本攻撃力に加算されます。
TXT_GUIDE_OP_ROT_CW_90,顺时针旋转 90°,Rotate CW 90°,右回転 90°
